SASFYFDTYI, 0.9437811577684655
SASFYYDTYI, 0.012197662159260728
SASFYSTPTS, 0.0040847587439366865
RGSKTFDTYI, 0.003103092089732237
SASFYFATYI, 0.002926840731795638
GTRYNFDTYI, 0.0019013782856190642
SASFYFDTYT, 0.001774263669895093
SASFYFETYI, 0.0016621037148445302
SASFYLDTYI, 0.0013694196416649664
SASFYFNTYI, 0.0012455095960852971
SASFYFDT*I, 0.0012049183742574743
SASFYFDTYL, 0.0011856909533916637
SASFYFDTYN, 0.0010585763376676925
SASFYFDTYS, 0.0010126441655993667
GARTYFDTYI, 0.0009154388712222124
SASFYFDTYY, 0.0008064834863159514
SASFYQHLHP, 0.0007616195042957263
DRYRSFDTYI, 0.0006761643004476785
SASFYFYTYI, 0.0005202085534249911
RYERMFDTYI, 0.0004518443903465529
GSNSNFDTYI, 0.0004422306799136475
SASFYFGTYI, 0.00044009429981744635
SASFYFDTYF, 0.00043688972967314454
SASFYFDPYI, 0.0004176623088073338
RASFYFDTYI, 0.0004069804083263278
SASFYDNTYV, 0.0004048440282301266
SASFYLGHLH, 0.0003941621277491206
SAGFYFDTYI, 0.0003856166073643158
SARFYFDTYI, 0.0003525027158731973
SASF*FDTYI, 0.0003300707248630847
SSSFYFDTYI, 0.00032686615471878296
SASFYCDTYI, 0.00031938882438207875
GASLAFDTYI, 0.00031404787414157577
SASFYFDAYI, 0.0003033659736605698
RYDGAFDTYI, 0.0003012295935643686
SASLYFDTYI, 0.000294820453275765
SASFYFDTHI, 0.00027559303240995425
SYNKAFDTYI, 0.00027452484236185367
SAIFYFDTYI, 0.0002659793219770489
SESFYFDTYI, 0.0002649111319289483
GVDHLFDTYI, 0.00026277475183274706
SASFYFDTSI, 0.0002595701816884453
DSTRYFDTYI, 0.0002531610413998417
SASFYFDNYI, 0.0002510246613036405
QAGSHFDTYI, 0.0002488882812074393
SASFYVDTYI, 0.00023820638072643332
SASFYFDTCI, 0.00023393362053403092
IASFYFDTYI, 0.00020936524942771718
SVSFYFDTYI, 0.00019013782856190642
SASFYFDTDI, 0.00018372868827330283
STSFYFDTYI, 0.00018159230817710163
KSTSIFDTYI, 0.00016022850721508967
SASFYSDTYI, 0.00015809212711888847
SASFYDDTYI, 0.0001559557470226873
SASFHFDTYI, 0.00014206927639737952
SASFYFDSYI, 0.00013245556596447414
SASFYFDTNI, 0.00013138737591637353
GASFYFDTYI, 0.00012497823562776996
SASFYFDTYV, 0.00012391004557966935
NASFYFDTYI, 0.00011856909533916637
SASFYNTYIH, 0.00011643271524296517
SANFYFDTYI, 0.00011643271524296517
GTKSGFDTYI, 0.00011643271524296517
SASFCFDTYI, 0.00011215995505056277
SASFYFHTYI, 0.00011109176500246217
SASFYFTPTS, 0.00010468262471385859
SASSYFDTYI, 0.00010468262471385859
EGNLFFDTYI, 0.00010361443466575799
NVWASFDTYI, 0.00010254624461765739
SASFYFDTFI, 9.613710432905381e-05
SASFYFDIYI, 8.972796404045021e-05
SACFYFDTYI, 8.652339389614843e-05
GGILMFDTYI, 8.118244365564543e-05
SASFNFDTYI, 6.943235312653886e-05
RARFYFDTYI, 6.729597303033767e-05
GSMISFDTYI, 6.515959293413647e-05
SASFYFETYT, 6.409140288603587e-05
SASYYFDTYI, 6.302321283793527e-05
SASFYLTPTS, 6.195502278983467e-05
SASFYITPTS, 6.195502278983467e-05
SASFYFVTYI, 6.0886832741734076e-05
SGSFYFDTYI, 5.981864269363348e-05
SPSFYFDTYI, 5.8750452645532884e-05
SELLQQHLHP, 5.6614072549331685e-05
SASFTSTPTS, 5.6614072549331685e-05
SASFFFDTYI, 5.5545882501231086e-05
NVNYSFDTYI, 5.3409502405029894e-05
SASFYFDTYM, 5.2341312356929295e-05
SASFYFDTYH, 5.1273122308828696e-05
SASFQQHLHP, 4.8068552164526905e-05
SASFYFKTYI, 4.8068552164526905e-05
GAKYRFDTYI, 4.7000362116426306e-05
SATFYFDTYI, 4.5932172068325707e-05
SASFYLETYI, 4.486398202022511e-05
RELLQQHLHP, 4.3795791972124515e-05
RGSKTYDTYI, 4.3795791972124515e-05
GVSGFFDTYI, 4.3795791972124515e-05
ARASTSTPTS, 4.1659411875923316e-05
SASFYFETYY, 4.059122182782272e-05
SASFYFDT*L, 4.059122182782272e-05
SASFYFETYN, 3.631846163542033e-05
RYERMFDTYY, 3.631846163542033e-05
SASFYFNTYN, 3.631846163542033e-05
SASFYLDT*I, 3.525027158731973e-05
TASFYFDTYI, 3.204570144301794e-05
SASF*QHLHP, 2.990932134681674e-05
SASFYLDTYT, 2.990932134681674e-05
ASHWIFDTYI, 2.7772941250615543e-05
SASFYFSTYI, 2.6704751202514947e-05
RSLMLFDTYI, 2.6704751202514947e-05
SASFYFATYT, 2.5636561154414348e-05
SASFYFDYNF, 2.4568371106313752e-05
SASFYFDT*N, 2.4568371106313752e-05
SASFYFDPYL, 2.4568371106313752e-05
SASFYFDT*T, 2.4568371106313752e-05
GTRYNYDTYI, 2.3500181058213153e-05
SASFYYDTYT, 2.3500181058213153e-05
SASFYFET*I, 2.3500181058213153e-05
SASFYFNTYV, 2.2431991010112554e-05
GVDHLDNTYV, 2.2431991010112554e-05
SASFYFETYL, 2.2431991010112554e-05
SASFYFAPYI, 2.2431991010112554e-05
SASFYFDTYP, 2.1363800962011958e-05
RASFSFDTYI, 2.1363800962011958e-05
SASVYFDTYI, 2.029561091391136e-05
SASFYFETYS, 2.029561091391136e-05
SGSKTFDTYI, 1.9227420865810763e-05
SASFYFETYF, 1.9227420865810763e-05
RGSKTSTPTS, 1.9227420865810763e-05
SASFYFEPYI, 1.9227420865810763e-05
SASFYYDT*I, 1.8159230817710163e-05
SASFYLDPYI, 1.8159230817710163e-05
SASFDFDTYI, 1.8159230817710163e-05
SASFYYDTYS, 1.8159230817710163e-05
SASFYLDTYN, 1.7091040769609564e-05
SASFYFDTTS, 1.7091040769609564e-05
SASFYFATYL, 1.7091040769609564e-05
SASFYFDT*S, 1.7091040769609564e-05
SASFYFNTYT, 1.602285072150897e-05
SASFYFDP*I, 1.602285072150897e-05
CASFYFDTYI, 1.602285072150897e-05
GARKYFDTYI, 1.602285072150897e-05
SASFYVETYI, 1.602285072150897e-05
DISLHFDTYI, 1.495466067340837e-05
SASFSFDTYI, 1.495466067340837e-05
SASFYYETYI, 1.495466067340837e-05
SASFYDKTYV, 1.495466067340837e-05
SASF*STPTS, 1.3886470625307772e-05
SASFYFDTST, 1.3886470625307772e-05
SASFYSDTYT, 1.3886470625307772e-05
SASFYFDPYT, 1.3886470625307772e-05
SASFYLNTYI, 1.2818280577207174e-05
SASSTSTPTS, 1.2818280577207174e-05
SASFYYDTYL, 1.2818280577207174e-05
SASFY*DTYI, 1.2818280577207174e-05
SASFYLDTSI, 1.2818280577207174e-05
SASCYFDTYI, 1.2818280577207174e-05
SASFYLATYI, 1.2818280577207174e-05
SASFYFAT*I, 1.2818280577207174e-05
SASFYLET*I, 1.1750090529106576e-05
SASFYYNTYI, 1.1750090529106576e-05
SASFYFETDI, 1.1750090529106576e-05
SASFYFANYI, 1.1750090529106576e-05
HFKDKFDTYI, 1.1750090529106576e-05
SASFYFNAYI, 1.0681900481005979e-05
LGSKTFDTYI, 1.0681900481005979e-05
SASFYIDTYI, 1.0681900481005979e-05
SASIYFDTYI, 1.0681900481005979e-05
SASFYLDTYS, 9.613710432905381e-06
SASFYFDTYR, 9.613710432905381e-06
SASFYFDTSL, 9.613710432905381e-06
LSLFSFDTYI, 9.613710432905381e-06
SASFYFGT*I, 9.613710432905381e-06
RGSKNFDTYI, 9.613710432905381e-06
RVSKTFDTYI, 9.613710432905381e-06
SAIFYYDTYI, 9.613710432905381e-06
RGSKTFDTYT, 9.613710432905381e-06
SASFYYATYI, 9.613710432905381e-06
GTRYNSTPTS, 9.613710432905381e-06
SAGFYFDTYN, 9.613710432905381e-06
SAGFYFDTYT, 9.613710432905381e-06
SASFYYDTYN, 9.613710432905381e-06
SVRNSFDTYI, 9.613710432905381e-06
SASFYTPTST, 9.613710432905381e-06
SASFYFETSI, 9.613710432905381e-06
SASFYFDT*F, 9.613710432905381e-06
RYDGEFDTYI, 8.545520384804782e-06
RGSMTFDTYI, 8.545520384804782e-06
SASFYFNT*I, 8.545520384804782e-06
GTRYNFDT*I, 8.545520384804782e-06
SASFYLDTYL, 8.545520384804782e-06
SAGFYFDTYL, 8.545520384804782e-06
GTRYYFDTYI, 8.545520384804782e-06
RASFYYDTYI, 8.545520384804782e-06
SASFY*HLHP, 8.545520384804782e-06
SASFYCETYI, 8.545520384804782e-06
GARTYYDTYI, 8.545520384804782e-06
SASFYLGTYI, 8.545520384804782e-06
SASFYFTTYI, 8.545520384804782e-06
SASFYFATSI, 8.545520384804782e-06
GTSFYFDTYI, 7.477330336704185e-06
SASFYFDTYK, 7.477330336704185e-06
SASFYSTPKS, 7.477330336704185e-06
SASFYFDAYN, 7.477330336704185e-06
SASFYLDTYF, 7.477330336704185e-06
SASFYFDTYC, 7.477330336704185e-06
HGDGVFDTYI, 7.477330336704185e-06
SASFYFATYS, 7.477330336704185e-06
RGSKTFETYI, 7.477330336704185e-06
SARFYFDTYT, 7.477330336704185e-06
SASFY*TPTS, 7.477330336704185e-06
SASFYCDTYS, 7.477330336704185e-06
SASLSNTYIH, 7.477330336704185e-06
SASF*YDTYI, 7.477330336704185e-06
SASFYCDT*I, 7.477330336704185e-06
GSRTYFDTYI, 7.477330336704185e-06
RARGYFDTYI, 7.477330336704185e-06
SASFYCDAYI, 6.409140288603587e-06
GALTYFDTYI, 6.409140288603587e-06
DRYRSSTPTS, 6.409140288603587e-06
SASFYFDNYY, 6.409140288603587e-06
SASFYLILIF, 6.409140288603587e-06
SASFYFEAYI, 6.409140288603587e-06
SASFYFDTHT, 6.409140288603587e-06
SASFYFDTHL, 6.409140288603587e-06
SASFYVDTYN, 6.409140288603587e-06
AGDCFFDTYI, 6.409140288603587e-06
SASFYFASYI, 6.409140288603587e-06
RSDGAFDTYI, 6.409140288603587e-06
VTRYNFDTYI, 6.409140288603587e-06
SASFYSATYI, 6.409140288603587e-06
SASFYYDTSI, 6.409140288603587e-06
SASFYYYTYI, 6.409140288603587e-06
SASFYCDTYT, 6.409140288603587e-06
RGIKTFDTYI, 6.409140288603587e-06
LYERMFDTYI, 6.409140288603587e-06
SASFYFDPSI, 5.3409502405029894e-06
SASFYFEPTS, 5.3409502405029894e-06
RGSKTFDTYY, 5.3409502405029894e-06
YRYRSFDTYI, 5.3409502405029894e-06
SASFYFNTSI, 5.3409502405029894e-06
SASFYSTPTF, 5.3409502405029894e-06
RYERMYDTYI, 5.3409502405029894e-06
SASFYFDKYI, 5.3409502405029894e-06
SASFYDNNAY, 5.3409502405029894e-06
SASFYVDTSI, 5.3409502405029894e-06
SASFYFNPYI, 5.3409502405029894e-06
SASFYFNTNI, 5.3409502405029894e-06
SASFYFATYN, 5.3409502405029894e-06
GTRFYFDTYI, 5.3409502405029894e-06
SASFYVNTYI, 5.3409502405029894e-06
SASFYSTPTP, 5.3409502405029894e-06
SASFYVDTYS, 5.3409502405029894e-06
GARTYFATYI, 5.3409502405029894e-06
SASFYFNTYS, 5.3409502405029894e-06
SAGFYYDTYI, 5.3409502405029894e-06
SASFYHLHPL, 5.3409502405029894e-06
SASFYFDN*I, 5.3409502405029894e-06
SASFYFDTHP, 5.3409502405029894e-06
RGSNTFDTYI, 5.3409502405029894e-06
SASFYLLLIF, 5.3409502405029894e-06
GASLDFDTYI, 5.3409502405029894e-06
DLYRSFDTYI, 5.3409502405029894e-06
SASFYFENYI, 5.3409502405029894e-06
SASFYLDAYI, 5.3409502405029894e-06
GARRYFDTYI, 5.3409502405029894e-06
GKRYNFDTYI, 5.3409502405029894e-06
SARFYYDTYI, 5.3409502405029894e-06
SYNKEFDTYI, 4.272760192402391e-06
SASFYCDTYN, 4.272760192402391e-06
QAGSHYDTYI, 4.272760192402391e-06
SASFYCGTYI, 4.272760192402391e-06
RGSKTFATYI, 4.272760192402391e-06
RASCYFDTYI, 4.272760192402391e-06
DRYRIFDTYI, 4.272760192402391e-06
SASFYYDPYI, 4.272760192402391e-06
SESFYYDTYI, 4.272760192402391e-06
SASFYYDAYI, 4.272760192402391e-06
SASFYYDTCI, 4.272760192402391e-06
RGSKSFDTYI, 4.272760192402391e-06
GTRYNFETYI, 4.272760192402391e-06
SASFYFDTHN, 4.272760192402391e-06
GARTYFDTYT, 4.272760192402391e-06
SASFYFKTYV, 4.272760192402391e-06
GTRYNFDTYT, 4.272760192402391e-06
SASFYSTPTT, 4.272760192402391e-06
SASFYFETYV, 4.272760192402391e-06
SASFYFETHI, 4.272760192402391e-06
RGSKTFDTYN, 4.272760192402391e-06
RCSKTFDTYI, 4.272760192402391e-06
SASFYFNSYI, 4.272760192402391e-06
SASFYYDTYY, 4.272760192402391e-06
SAGFYFDT*I, 4.272760192402391e-06
SASFYFDTNN, 4.272760192402391e-06
SASFYFDTQI, 4.272760192402391e-06
DRYLSFDTYI, 4.272760192402391e-06
SAGFYFETYI, 4.272760192402391e-06
SAGFYLDTYI, 4.272760192402391e-06
QAGSNFDTYI, 4.272760192402391e-06
SASLYYDTYI, 4.272760192402391e-06
RSERMFDTYI, 4.272760192402391e-06
SASFYLDNYI, 4.272760192402391e-06
DRYRSYDTYI, 4.272760192402391e-06
GASLTFDTYI, 4.272760192402391e-06
SEVYFFDTYI, 4.272760192402391e-06
SYNKAYDTYI, 4.272760192402391e-06
SASFYFDAYS, 4.272760192402391e-06
SASFYFDPHI, 4.272760192402391e-06
SASFYCATYI, 4.272760192402391e-06
SASFYSETYI, 4.272760192402391e-06
SYNKAFATYI, 4.272760192402391e-06
DSRRYFDTYI, 4.272760192402391e-06
SASFYFDP*L, 4.272760192402391e-06
DRYRSFATYI, 4.272760192402391e-06
SAGFYFDPYI, 4.272760192402391e-06
RGSKTCDTYI, 4.272760192402391e-06
SYNKTFDTYI, 4.272760192402391e-06
STRYNFDTYI, 4.272760192402391e-06
SASFYYGTYI, 4.272760192402391e-06
SASFYFAPSL, 4.272760192402391e-06
GGSKTFDTYI, 4.272760192402391e-06
SASFYSAPYI, 4.272760192402391e-06
SSSFYYDTYI, 4.272760192402391e-06
SASFYFDN*N, 3.2045701443017935e-06
RGSKAFDTYI, 3.2045701443017935e-06
IYNKAFDTYI, 3.2045701443017935e-06
SASFSSTPTS, 3.2045701443017935e-06
SASFYFDA*I, 3.2045701443017935e-06
SASFYFDTDN, 3.2045701443017935e-06
SASFYFDPTS, 3.2045701443017935e-06
SASFYFETNI, 3.2045701443017935e-06
SASFYFDTNL, 3.2045701443017935e-06
SASFYFDTEI, 3.2045701443017935e-06
SASFYYDTDI, 3.2045701443017935e-06
SARFYFETYI, 3.2045701443017935e-06
NADYAFDTYI, 3.2045701443017935e-06
SASFYSKPTS, 3.2045701443017935e-06
SASFYFETSL, 3.2045701443017935e-06
RGSKTFDTYL, 3.2045701443017935e-06
SASFYFDPYF, 3.2045701443017935e-06
GARTYFDTYL, 3.2045701443017935e-06
SASFYYDTYV, 3.2045701443017935e-06
SASFYSPPTS, 3.2045701443017935e-06
GASGFFDTYI, 3.2045701443017935e-06
SYNKEQHLHP, 3.2045701443017935e-06
SASFYFDTSS, 3.2045701443017935e-06
SASFYFETHL, 3.2045701443017935e-06
SAGFYFDTYF, 3.2045701443017935e-06
RYDRMFDTYI, 3.2045701443017935e-06
SASFYVDTYT, 3.2045701443017935e-06
SASFYFDPYN, 3.2045701443017935e-06
SASFYLDTHI, 3.2045701443017935e-06
SASFYLDT*N, 3.2045701443017935e-06
SASFYQHLQP, 3.2045701443017935e-06
SASFYFDNYN, 3.2045701443017935e-06
SASFYLETNI, 3.2045701443017935e-06
SASFYFGTHI, 3.2045701443017935e-06
SASFYFDTDS, 3.2045701443017935e-06
GTRYNLDTYI, 3.2045701443017935e-06
SASFYFAPYL, 3.2045701443017935e-06
GARTYSTPTS, 3.2045701443017935e-06
GASMAFDTYI, 3.2045701443017935e-06
IASFYYDTYI, 3.2045701443017935e-06
RGTKTFDTYI, 3.2045701443017935e-06
SASFYFDTHS, 3.2045701443017935e-06
SASFYFNNYI, 3.2045701443017935e-06
SASFCYDTYI, 3.2045701443017935e-06
SASFYFDHYI, 3.2045701443017935e-06
SASFYFATHI, 3.2045701443017935e-06
SASFYFITYI, 3.2045701443017935e-06
RASFYFATYI, 3.2045701443017935e-06
YSTRYFDTYI, 3.2045701443017935e-06
SASFYFNTYF, 3.2045701443017935e-06
SASFYDNTYI, 3.2045701443017935e-06
DRYRTFDTYI, 3.2045701443017935e-06
ASFLSNTYIH, 3.2045701443017935e-06
SASFYFAT*L, 3.2045701443017935e-06
SASFYADYYI, 3.2045701443017935e-06
RYDGEQHLHP, 3.2045701443017935e-06
SASFYCETYS, 3.2045701443017935e-06
SARFYFDT*I, 3.2045701443017935e-06
SASFYCDTSI, 3.2045701443017935e-06
SASFYARTPT, 3.2045701443017935e-06
SASFYSDPYI, 3.2045701443017935e-06
GTRYNQHLHP, 3.2045701443017935e-06
SASFYFDPNI, 3.2045701443017935e-06
GARTYFDTYS, 3.2045701443017935e-06
RALFSFDTYI, 3.2045701443017935e-06
GTRYNFATYI, 3.2045701443017935e-06
DRYRNFDTYI, 3.2045701443017935e-06
SESFYSTPTS, 3.2045701443017935e-06
SAGFYFATYI, 3.2045701443017935e-06
SASFYFHLHP, 3.2045701443017935e-06
SASFYDNNYV, 3.2045701443017935e-06
SASFHYDTYI, 3.2045701443017935e-06
SSNKAFDTYI, 3.2045701443017935e-06
RYERIFDTYI, 3.2045701443017935e-06
DSTRYYDTYI, 3.2045701443017935e-06
SASLYSTPTS, 2.1363800962011955e-06
RYDGGFDTYI, 2.1363800962011955e-06
SADDAFDTYI, 2.1363800962011955e-06
GTRYNLTPTS, 2.1363800962011955e-06
GVYHLFDTYI, 2.1363800962011955e-06
SASFYFAPSI, 2.1363800962011955e-06
SASFYFYT*I, 2.1363800962011955e-06
SASFYFDAYL, 2.1363800962011955e-06
SASFYFGTYL, 2.1363800962011955e-06
SASFYLETYT, 2.1363800962011955e-06
SASFYFET*T, 2.1363800962011955e-06
SASFYFDTCN, 2.1363800962011955e-06
SASFYGDTDI, 2.1363800962011955e-06
SASFYFEPYT, 2.1363800962011955e-06
SASFYCNTYI, 2.1363800962011955e-06
SASFYFETYP, 2.1363800962011955e-06
GSNSNFDTYT, 2.1363800962011955e-06
GSNSNFDTYL, 2.1363800962011955e-06
SASFYLDTYH, 2.1363800962011955e-06
SASFYFETSN, 2.1363800962011955e-06
SASFYFETYH, 2.1363800962011955e-06
SASFYFDTSN, 2.1363800962011955e-06
SASFYFDT*H, 2.1363800962011955e-06
SASFYFET*S, 2.1363800962011955e-06
GTRYNFDTYL, 2.1363800962011955e-06
QSGSHFDTYI, 2.1363800962011955e-06
SASFYCDTYL, 2.1363800962011955e-06
SASFYFAPYF, 2.1363800962011955e-06
DRYRSFDTYL, 2.1363800962011955e-06
IASFYFDTYT, 2.1363800962011955e-06
SASFYFDNYL, 2.1363800962011955e-06
SASFYLDTHL, 2.1363800962011955e-06
DYTRYFDTYI, 2.1363800962011955e-06
SAIFYVDTYI, 2.1363800962011955e-06
SASFYFDPYV, 2.1363800962011955e-06
SARFYFDTYS, 2.1363800962011955e-06
SARFYVDTYI, 2.1363800962011955e-06
SASFYFDTYD, 2.1363800962011955e-06
DRYRSFDTYT, 2.1363800962011955e-06
RSSKTFDTYI, 2.1363800962011955e-06
SASFDFDTYN, 2.1363800962011955e-06
SASFYFGTYT, 2.1363800962011955e-06
DRYRSFNTYI, 2.1363800962011955e-06
GASLASTPTS, 2.1363800962011955e-06
SASFYLILII, 2.1363800962011955e-06
SAYFAFDTYI, 2.1363800962011955e-06
VARTYFDTYI, 2.1363800962011955e-06
SASFYSDTSI, 2.1363800962011955e-06
SYNKGFDTYI, 2.1363800962011955e-06
RARFYYDTYI, 2.1363800962011955e-06
SVSFYLDTYI, 2.1363800962011955e-06
DRYRGFDTYI, 2.1363800962011955e-06
RVVSLSTPTS, 2.1363800962011955e-06
GTRYNFDTDI, 2.1363800962011955e-06
RYDGAVDTYI, 2.1363800962011955e-06
GSNSNYDTYI, 2.1363800962011955e-06
SASFYLDTKI, 2.1363800962011955e-06
SASFYIILMF, 2.1363800962011955e-06
SASSYYDTYI, 2.1363800962011955e-06
SASFYVNTYV, 2.1363800962011955e-06
SYNKASTPTS, 2.1363800962011955e-06
RALLQQHLHP, 2.1363800962011955e-06
RYEGMFDTYI, 2.1363800962011955e-06
SASFYFKTYY, 2.1363800962011955e-06
SASFYFDNYT, 2.1363800962011955e-06
SSIFYFDTYI, 2.1363800962011955e-06
SASFYFDTPI, 2.1363800962011955e-06
GANSYFDTYI, 2.1363800962011955e-06
SASFYFTYIH, 2.1363800962011955e-06
SASFYSTTTS, 2.1363800962011955e-06
SASFYFGTYN, 2.1363800962011955e-06
RGSRTFDTYI, 2.1363800962011955e-06
SASFYSNAST, 2.1363800962011955e-06
RSSFYFDTYI, 2.1363800962011955e-06
LSSFYFDTYI, 2.1363800962011955e-06
SASF*LDTYI, 2.1363800962011955e-06
SASFYFDAYF, 2.1363800962011955e-06
GTRFNFDTYI, 2.1363800962011955e-06
SASFYLDTYK, 2.1363800962011955e-06
SASFYHDTYI, 2.1363800962011955e-06
HFKDKFDYNF, 2.1363800962011955e-06
SASFYCDTYF, 2.1363800962011955e-06
SASF*FDTYL, 2.1363800962011955e-06
ISIFYFDTYI, 2.1363800962011955e-06
AAANAFDTYI, 2.1363800962011955e-06
SASFYYDTYF, 2.1363800962011955e-06
SASFYDTTYV, 2.1363800962011955e-06
SASFYFNTYL, 2.1363800962011955e-06
SASFYFKNYI, 2.1363800962011955e-06
RGSMSFDTYI, 2.1363800962011955e-06
SASFYLDTYY, 2.1363800962011955e-06
SVSFYFETYI, 2.1363800962011955e-06
SASFYFETFI, 2.1363800962011955e-06
SASFYLDN*I, 2.1363800962011955e-06
SASFYSTPTY, 2.1363800962011955e-06
GTRYTFDTYI, 2.1363800962011955e-06
SASFYSDT*I, 2.1363800962011955e-06
SASLYFDT*I, 2.1363800962011955e-06
GTR*NFDTYI, 2.1363800962011955e-06
DRYRSFDT*I, 2.1363800962011955e-06
SASFFYDTYI, 2.1363800962011955e-06
SAGFYSDTYI, 2.1363800962011955e-06
SASFYYDTFI, 2.1363800962011955e-06
SAGFYFDP*I, 2.1363800962011955e-06
SASFYLEPYI, 2.1363800962011955e-06
SASFYSDT*T, 2.1363800962011955e-06
SASFYSTPIS, 2.1363800962011955e-06
QAGCHFDTYI, 2.1363800962011955e-06
GVDHLFDT*I, 2.1363800962011955e-06
SGCLYFDTYI, 2.1363800962011955e-06
SASFYYNTYV, 2.1363800962011955e-06
RGRGEFDTYI, 2.1363800962011955e-06
SAGFYVDTYI, 2.1363800962011955e-06
SASFDLGHLH, 2.1363800962011955e-06
RERGEFDTYI, 2.1363800962011955e-06
SAGFYFDTSI, 2.1363800962011955e-06
SASFYLDTNI, 2.1363800962011955e-06
GASFYYDTYI, 2.1363800962011955e-06
SASFYLDT*S, 2.1363800962011955e-06
SASFYFETPI, 2.1363800962011955e-06
SASFYYDTNI, 2.1363800962011955e-06
SGSLYFDTYI, 2.1363800962011955e-06
RGSGDFDTYI, 2.1363800962011955e-06
SASFYVDTDI, 2.1363800962011955e-06
SACFYYDTYI, 2.1363800962011955e-06
RYELMFDTYI, 2.1363800962011955e-06
SASFYLTTYI, 2.1363800962011955e-06
SASFYCDTNI, 2.1363800962011955e-06
SASFYFDTCS, 2.1363800962011955e-06
GASLAYDTYI, 2.1363800962011955e-06
SASFYFGHLH, 2.1363800962011955e-06
GARMYFDTYI, 2.1363800962011955e-06
SASCYCDTYI, 2.1363800962011955e-06
SASFYLDTYM, 2.1363800962011955e-06
GKRYTFDTYI, 2.1363800962011955e-06
SASFYQHPHP, 2.1363800962011955e-06
GVDHMFDTYI, 2.1363800962011955e-06
SASFYFDTKI, 2.1363800962011955e-06
STSFYYDTYI, 2.1363800962011955e-06
GASFYFATYI, 2.1363800962011955e-06
GARTYFDTYN, 2.1363800962011955e-06
SARLYFDTYI, 2.1363800962011955e-06
GANSNFDTYI, 2.1363800962011955e-06
SASFYCDTCI, 2.1363800962011955e-06
SASFYFGPYI, 2.1363800962011955e-06
IASFYFATYI, 2.1363800962011955e-06
GASFYSTPTS, 2.1363800962011955e-06
RARGYFDTYS, 2.1363800962011955e-06
GTSYNFDTYI, 2.1363800962011955e-06
SASFYQYLLS, 2.1363800962011955e-06
RGSKTFDTYS, 2.1363800962011955e-06
SASFFFDTYT, 2.1363800962011955e-06
SASFDLDTYI, 2.1363800962011955e-06
SASFYFAPYT, 2.1363800962011955e-06
SAGCYFDTYI, 2.1363800962011955e-06
GA*LAFDTYI, 2.1363800962011955e-06
SARSYFDTYI, 2.1363800962011955e-06
RYERTFDTYI, 2.1363800962011955e-06
SAASTSTPTS, 2.1363800962011955e-06
SASFYFDACI, 2.1363800962011955e-06
GASFNFDTYI, 2.1363800962011955e-06
SAGFYFETYT, 2.1363800962011955e-06
IASFYFDTYN, 2.1363800962011955e-06
GSNSNSTPTS, 2.1363800962011955e-06
RGSKTFYTYI, 2.1363800962011955e-06
SASFYFETCI, 2.1363800962011955e-06
SASFYFGAYS, 2.1363800962011955e-06
SASFYFDAFI, 2.1363800962011955e-06
RYERMFDTYN, 2.1363800962011955e-06
RGSETFDTYI, 2.1363800962011955e-06
RGSTTFDTYI, 2.1363800962011955e-06
GARRISTPTS, 2.1363800962011955e-06
SATFYYDTYI, 2.1363800962011955e-06
SASFYFGAYI, 2.1363800962011955e-06
GTRYNDNTYV, 2.1363800962011955e-06
SASFYCGTYS, 2.1363800962011955e-06
QAWSHFDTYI, 2.1363800962011955e-06
SASFYGDTYI, 2.1363800962011955e-06
RSNSNFDTYI, 2.1363800962011955e-06
GAGFYFDTYI, 2.1363800962011955e-06
SARF*FDTYI, 2.1363800962011955e-06
GVDNLFDTYI, 2.1363800962011955e-06
SASFYFDTNT, 2.1363800962011955e-06
RGNKTFDTYI, 2.1363800962011955e-06
RGSKTFDAYI, 1.0681900481005978e-06
DRYRSFDTYY, 1.0681900481005978e-06
RGSKTQHLHP, 1.0681900481005978e-06
GASLAFDSYI, 1.0681900481005978e-06
RASFTFDTYI, 1.0681900481005978e-06
RYDGAFGTYI, 1.0681900481005978e-06
DRYRISTPTS, 1.0681900481005978e-06
SANFYYDTYI, 1.0681900481005978e-06
PGSKTFDTYI, 1.0681900481005978e-06
SESFYFDTYT, 1.0681900481005978e-06
SASFYSKTKN, 1.0681900481005978e-06
RASKTFDTYI, 1.0681900481005978e-06
SASFYCDTDI, 1.0681900481005978e-06
SSSFYFATYI, 1.0681900481005978e-06
RVSKTSTPTS, 1.0681900481005978e-06
SASFYFGPYS, 1.0681900481005978e-06
SASFYFATYY, 1.0681900481005978e-06
SASCYFATYI, 1.0681900481005978e-06
RGSKTFDNYI, 1.0681900481005978e-06
RSDGEFDTYI, 1.0681900481005978e-06
GARIYFDTYI, 1.0681900481005978e-06
NVWA*FDTYI, 1.0681900481005978e-06
SASFYFET*Y, 1.0681900481005978e-06
GARTFFDTYI, 1.0681900481005978e-06
SASFY*HIHP, 1.0681900481005978e-06
SASFYCEAYS, 1.0681900481005978e-06
SASFYVEACS, 1.0681900481005978e-06
SASFYLDPSL, 1.0681900481005978e-06
RSKDNFDTYI, 1.0681900481005978e-06
SASVYYDTHI, 1.0681900481005978e-06
GTRYDFDTYI, 1.0681900481005978e-06
SCNKAFDTYI, 1.0681900481005978e-06
SASFYFDTVI, 1.0681900481005978e-06
QVGSHFDTYI, 1.0681900481005978e-06
RYHGAFDTYI, 1.0681900481005978e-06
SASFYFENSI, 1.0681900481005978e-06
SASFYFNIFI, 1.0681900481005978e-06
RGSKTSAPYI, 1.0681900481005978e-06
SASFYFKTQN, 1.0681900481005978e-06
SASFY*ATYI, 1.0681900481005978e-06
RVRFYFDTYI, 1.0681900481005978e-06
SASCYSTPTS, 1.0681900481005978e-06
SACFYFDTSI, 1.0681900481005978e-06
SASFYVETYH, 1.0681900481005978e-06
SGSLNFDTYI, 1.0681900481005978e-06
R*ELMFDTYI, 1.0681900481005978e-06
SASFYCQHQG, 1.0681900481005978e-06
IASFYFETYI, 1.0681900481005978e-06
RGSKTFDTCI, 1.0681900481005978e-06
SSSFYLETYT, 1.0681900481005978e-06
SASFYF*TYI, 1.0681900481005978e-06
NVWSSFDTYI, 1.0681900481005978e-06
SASFYFDTHH, 1.0681900481005978e-06
SASFYFEP*T, 1.0681900481005978e-06
SASSSFDTYI, 1.0681900481005978e-06
SASFYFDTNS, 1.0681900481005978e-06
SGSLTFDTYI, 1.0681900481005978e-06
SASF**HLHP, 1.0681900481005978e-06
SASFYVETYN, 1.0681900481005978e-06
SASFYVNADI, 1.0681900481005978e-06
FVDHLFDTYI, 1.0681900481005978e-06
SGRLAFDTYI, 1.0681900481005978e-06
SASLYFDTYT, 1.0681900481005978e-06
SGSKYFDTYI, 1.0681900481005978e-06
IAIFYFDTYI, 1.0681900481005978e-06
NSTRYFDTYI, 1.0681900481005978e-06
GVNFFFDTYI, 1.0681900481005978e-06
SASFYFDTSY, 1.0681900481005978e-06
KSTSIFDTYL, 1.0681900481005978e-06
SASFYSIPTP, 1.0681900481005978e-06
SASFYFETST, 1.0681900481005978e-06
SASFYVDTYV, 1.0681900481005978e-06
SASSYFDTYF, 1.0681900481005978e-06
SASFYFDPYP, 1.0681900481005978e-06
SASFYCDTCS, 1.0681900481005978e-06
SSSF*FDTYI, 1.0681900481005978e-06
RYDGAQHLHP, 1.0681900481005978e-06
SASFYFYTYL, 1.0681900481005978e-06
SASFYFNTYC, 1.0681900481005978e-06
SASFYYEPYH, 1.0681900481005978e-06
SASFYFATST, 1.0681900481005978e-06
SASFYFETDF, 1.0681900481005978e-06
KYTSIFDTYI, 1.0681900481005978e-06
SASFYYETYN, 1.0681900481005978e-06
SASFYFDT*Y, 1.0681900481005978e-06
GTKSGFETYI, 1.0681900481005978e-06
SASFYFHTNH, 1.0681900481005978e-06
SASGDFDTYI, 1.0681900481005978e-06
SASFYFGTSI, 1.0681900481005978e-06
GVDHLFDTYL, 1.0681900481005978e-06
NANNVFDTYI, 1.0681900481005978e-06
SACFYFDTYS, 1.0681900481005978e-06
SAWLSFDTYI, 1.0681900481005978e-06
SASFYFDAYG, 1.0681900481005978e-06
SASFYFDTDC, 1.0681900481005978e-06
RYDVSFDTYI, 1.0681900481005978e-06
SASFYLGHLP, 1.0681900481005978e-06
GTRYNFDTYV, 1.0681900481005978e-06
GTRYNFATYT, 1.0681900481005978e-06
SASFYFDPYS, 1.0681900481005978e-06
SASFQQHLPP, 1.0681900481005978e-06
SSDFYFDTYI, 1.0681900481005978e-06
SASFYVETCI, 1.0681900481005978e-06
QAGSHFDTYL, 1.0681900481005978e-06
SASFYLGHLY, 1.0681900481005978e-06
SYNKSFDTYI, 1.0681900481005978e-06
RDSETFDTYI, 1.0681900481005978e-06
SASFHFDTYF, 1.0681900481005978e-06
SASFYFQTYS, 1.0681900481005978e-06
GTRYNFDTYF, 1.0681900481005978e-06
SESFYFDTYF, 1.0681900481005978e-06
SASF*FDTYF, 1.0681900481005978e-06
RGSFSFDTYI, 1.0681900481005978e-06
SASFYSATTI, 1.0681900481005978e-06
SAGFYLDT*S, 1.0681900481005978e-06
DASKYFDTYI, 1.0681900481005978e-06
RYERMFETYI, 1.0681900481005978e-06
SASFYFDTYA, 1.0681900481005978e-06
SASFYYAPSI, 1.0681900481005978e-06
SASFYFEPYL, 1.0681900481005978e-06
SASFYFKTYS, 1.0681900481005978e-06
RGGKTFDTYH, 1.0681900481005978e-06
RYDGAFDTYL, 1.0681900481005978e-06
SARFYFDTYN, 1.0681900481005978e-06
SARFYVETYI, 1.0681900481005978e-06
SASFHFDTYL, 1.0681900481005978e-06
REERLFDTYI, 1.0681900481005978e-06
KASFYFDTYT, 1.0681900481005978e-06
SASFYFATYF, 1.0681900481005978e-06
SASF*FDTYT, 1.0681900481005978e-06
SARFYSTPTS, 1.0681900481005978e-06
SASLYFDTYS, 1.0681900481005978e-06
SGS*SFDTYI, 1.0681900481005978e-06
SDNNSFDTYI, 1.0681900481005978e-06
SGSYTFDTYI, 1.0681900481005978e-06
SASFYLDIYI, 1.0681900481005978e-06
SARFYFETYP, 1.0681900481005978e-06
RYERMFDTYT, 1.0681900481005978e-06
SASFYFETHC, 1.0681900481005978e-06
SARFYFETYT, 1.0681900481005978e-06
SASFYLETGI, 1.0681900481005978e-06
GTRYNFDTYN, 1.0681900481005978e-06
SASFYFATTI, 1.0681900481005978e-06
SAGFYFDTYH, 1.0681900481005978e-06
SAGFYFDT*T, 1.0681900481005978e-06
SASFYLDTDL, 1.0681900481005978e-06
SAGFYFETDN, 1.0681900481005978e-06
SASFYDNTYF, 1.0681900481005978e-06
SASFYFETNK, 1.0681900481005978e-06
SASFYFDAYH, 1.0681900481005978e-06
SASFYFDTCY, 1.0681900481005978e-06
SASFYDKIYV, 1.0681900481005978e-06
SASFYLDTNL, 1.0681900481005978e-06
SASFYFGTDI, 1.0681900481005978e-06
REGRFFDTYI, 1.0681900481005978e-06
SASFYLDT*P, 1.0681900481005978e-06
SAGFYFDTDF, 1.0681900481005978e-06
SASFYFDTDH, 1.0681900481005978e-06
SASFYLATYS, 1.0681900481005978e-06
SASFYVET*I, 1.0681900481005978e-06
SAGFYFDPYP, 1.0681900481005978e-06
SASFYRDTYS, 1.0681900481005978e-06
SYNKTYDTYI, 1.0681900481005978e-06
RADGAFDTYI, 1.0681900481005978e-06
WYDGAFDTYI, 1.0681900481005978e-06
SASFYCDTDS, 1.0681900481005978e-06
SAGFYFDTYS, 1.0681900481005978e-06
SASFYFHTYT, 1.0681900481005978e-06
RASFYFDTYS, 1.0681900481005978e-06
RAGFYFDTYI, 1.0681900481005978e-06
SASFYVGTNI, 1.0681900481005978e-06
GTRYNDDTYI, 1.0681900481005978e-06
RAGFYSTPTP, 1.0681900481005978e-06
RASFYFETYF, 1.0681900481005978e-06
RASFYFDTYL, 1.0681900481005978e-06
RGSKTFDTYF, 1.0681900481005978e-06
RASFYFDTYT, 1.0681900481005978e-06
GRNWYFDTYI, 1.0681900481005978e-06
GESFYFDTYI, 1.0681900481005978e-06
DCTRYFDTYI, 1.0681900481005978e-06
SATFYFDPYF, 1.0681900481005978e-06
SASFYCDTNF, 1.0681900481005978e-06
SASFYFDS*L, 1.0681900481005978e-06
SASFYCEPYF, 1.0681900481005978e-06
SASF*FDTSL, 1.0681900481005978e-06
SASFYLEN*I, 1.0681900481005978e-06
STIFYFDTYI, 1.0681900481005978e-06
SASFYFTT*I, 1.0681900481005978e-06
RAWFYSAAEL, 1.0681900481005978e-06
SACFYFDTYY, 1.0681900481005978e-06
SANFYCDTYI, 1.0681900481005978e-06
RATSNFDTYI, 1.0681900481005978e-06
SASFYLDTQI, 1.0681900481005978e-06
GSMISFYTYI, 1.0681900481005978e-06
SAGFYLET*I, 1.0681900481005978e-06
SASFYYDSYI, 1.0681900481005978e-06
RGSKTFDT*I, 1.0681900481005978e-06
GTKSGFDTYT, 1.0681900481005978e-06
SARTYFDTYI, 1.0681900481005978e-06
SASFYVDSYI, 1.0681900481005978e-06
GASLADDTYI, 1.0681900481005978e-06
SYNKAFNTCI, 1.0681900481005978e-06
GADHLFDTYI, 1.0681900481005978e-06
RASNSFDTYI, 1.0681900481005978e-06
SAIFYFDAYI, 1.0681900481005978e-06
GARTYLDTYI, 1.0681900481005978e-06
VVVSLSTPTS, 1.0681900481005978e-06
SASFYLNPYF, 1.0681900481005978e-06
DRYRSFETYI, 1.0681900481005978e-06
GAKY*STPTS, 1.0681900481005978e-06
RCERMFDTYI, 1.0681900481005978e-06
SASFYVDTDS, 1.0681900481005978e-06
SASFYFDPHL, 1.0681900481005978e-06
SASFYSNTYT, 1.0681900481005978e-06
RASLYFDTYI, 1.0681900481005978e-06
SASVYSTPTS, 1.0681900481005978e-06
SASFYRHLHP, 1.0681900481005978e-06
SASFYFRLIF, 1.0681900481005978e-06
SASFYFDASI, 1.0681900481005978e-06
SASLYFETYI, 1.0681900481005978e-06
VRGIILTPTS, 1.0681900481005978e-06
SAGFYFEPYI, 1.0681900481005978e-06
DSPRYFDTYI, 1.0681900481005978e-06
SASFCFATYI, 1.0681900481005978e-06
RYVGAFDTYI, 1.0681900481005978e-06
SAIFYLGHLH, 1.0681900481005978e-06
SASFYLAPYL, 1.0681900481005978e-06
RGSL*FDTYI, 1.0681900481005978e-06
SASFYLDTEI, 1.0681900481005978e-06
GASLYFDTYI, 1.0681900481005978e-06
NASFYFDTHI, 1.0681900481005978e-06
KVNYSFDTYI, 1.0681900481005978e-06
SESLYFDTYI, 1.0681900481005978e-06
SASFYFNADI, 1.0681900481005978e-06
SASFYADIDC, 1.0681900481005978e-06
SASFYFDTLI, 1.0681900481005978e-06
SRIFDSLATA, 1.0681900481005978e-06
SASFYCENYN, 1.0681900481005978e-06
SASFYSETDI, 1.0681900481005978e-06
SASFYLGYLY, 1.0681900481005978e-06
SASFYFDTGI, 1.0681900481005978e-06
SASFYCSTYI, 1.0681900481005978e-06
RRASTSTPTS, 1.0681900481005978e-06
GASFYQHLHP, 1.0681900481005978e-06
SASFYSTPAS, 1.0681900481005978e-06
GPCLYFDTYI, 1.0681900481005978e-06
RYEQMFDTYI, 1.0681900481005978e-06
GRYRNFDTYI, 1.0681900481005978e-06
SATSTSTPTS, 1.0681900481005978e-06
RGIKTYDTYI, 1.0681900481005978e-06
RSFMLFDTYI, 1.0681900481005978e-06
SANNVFDTYI, 1.0681900481005978e-06
GSNSDFDTYI, 1.0681900481005978e-06
SASFYSAPTS, 1.0681900481005978e-06
RASFFFDTYI, 1.0681900481005978e-06
RARTYFDTYI, 1.0681900481005978e-06
SASFYCDPHT, 1.0681900481005978e-06
SASFYLET*S, 1.0681900481005978e-06
RARC*FDTYI, 1.0681900481005978e-06
SASFYSDTHI, 1.0681900481005978e-06
SASFYLDK*N, 1.0681900481005978e-06
RASC*FDTYI, 1.0681900481005978e-06
SASFYLDTST, 1.0681900481005978e-06
SASFYCDTDN, 1.0681900481005978e-06
DRYRSFDNYI, 1.0681900481005978e-06
DRYGVSTPTS, 1.0681900481005978e-06
KASIYFDTYI, 1.0681900481005978e-06
GASTYFDTYI, 1.0681900481005978e-06
ARASTSTNTS, 1.0681900481005978e-06
RGSFYFDTYI, 1.0681900481005978e-06
RAR**FDTYI, 1.0681900481005978e-06
SAS*SFDTYI, 1.0681900481005978e-06
STRFNFDTYI, 1.0681900481005978e-06
SSSSFFDTYI, 1.0681900481005978e-06
SASFYLETST, 1.0681900481005978e-06
SASFYFDS*I, 1.0681900481005978e-06
SASFYLATYT, 1.0681900481005978e-06
SASVSFDTYI, 1.0681900481005978e-06
SASFYFNTDI, 1.0681900481005978e-06
SASFYFDAHI, 1.0681900481005978e-06
RTSFYYDTDI, 1.0681900481005978e-06
RY*RMFDTYI, 1.0681900481005978e-06
SASFYFEPYN, 1.0681900481005978e-06
SASFYSTSTS, 1.0681900481005978e-06
SASFYFDTQN, 1.0681900481005978e-06
SVSFYYDTYI, 1.0681900481005978e-06
SPSFYFGTYI, 1.0681900481005978e-06
RGSKTDDTYI, 1.0681900481005978e-06
GVGHLYNTYV, 1.0681900481005978e-06
SASFYSDTST, 1.0681900481005978e-06
SASFYFDT*K, 1.0681900481005978e-06
NANFYFDTYI, 1.0681900481005978e-06
RGSLTFDTYI, 1.0681900481005978e-06
SASFYLDPYL, 1.0681900481005978e-06
SASFYFDTWT, 1.0681900481005978e-06
LSSFYFDTSI, 1.0681900481005978e-06
SASFYKHLHP, 1.0681900481005978e-06
SASFYLDPHL, 1.0681900481005978e-06
SASFYSEPST, 1.0681900481005978e-06
SARFYFDAYI, 1.0681900481005978e-06
SASFYFDTFF, 1.0681900481005978e-06
SDSCYFDTYI, 1.0681900481005978e-06
SASFYLETNN, 1.0681900481005978e-06
*SAGAGRLSC, 1.0681900481005978e-06
CSEVQQHLHP, 1.0681900481005978e-06
GTRYNFDAYI, 1.0681900481005978e-06
SASFDFDPFI, 1.0681900481005978e-06
SASFYFGSYI, 1.0681900481005978e-06
GVFGFFDTYI, 1.0681900481005978e-06
ASHWFFDTYI, 1.0681900481005978e-06
RGSKTFDTSI, 1.0681900481005978e-06
SASFYQNLHP, 1.0681900481005978e-06
GTRYHFDTYI, 1.0681900481005978e-06
SASFYFYTHI, 1.0681900481005978e-06
SASFYNTHLH, 1.0681900481005978e-06
RYERMFNTYI, 1.0681900481005978e-06
SATLYFDTYI, 1.0681900481005978e-06
SASFYLDPYT, 1.0681900481005978e-06
GARTTFDTYI, 1.0681900481005978e-06
ARASSNTYIH, 1.0681900481005978e-06
RGSKTDNTYV, 1.0681900481005978e-06
SASFYLETYS, 1.0681900481005978e-06
SACRYFDTYI, 1.0681900481005978e-06
GADYQYNTYV, 1.0681900481005978e-06
SASFY*DTYK, 1.0681900481005978e-06
SSNISFDTYI, 1.0681900481005978e-06
SASFYFDIYM, 1.0681900481005978e-06
GARTYFDTYY, 1.0681900481005978e-06
SASFYFEPYF, 1.0681900481005978e-06
GMDRLFDTYI, 1.0681900481005978e-06
SASF*FDIYL, 1.0681900481005978e-06
S*LLQQHLHP, 1.0681900481005978e-06
DISLHFDTYF, 1.0681900481005978e-06
SASFYFDTQL, 1.0681900481005978e-06
SSSFYCDTYI, 1.0681900481005978e-06
SASFYFYTYF, 1.0681900481005978e-06
SASFYLDTYV, 1.0681900481005978e-06
EGDLFFDTYI, 1.0681900481005978e-06
SASFYFET*L, 1.0681900481005978e-06
SASFYFDPSF, 1.0681900481005978e-06
SASFYFNTNL, 1.0681900481005978e-06
GVSGFFDT*I, 1.0681900481005978e-06
SASFYFAT*S, 1.0681900481005978e-06
SASFY*TPTP, 1.0681900481005978e-06
SASFYFATEF, 1.0681900481005978e-06
SASFYFRTYN, 1.0681900481005978e-06
SASFYYETYF, 1.0681900481005978e-06
GVSGFFDNYI, 1.0681900481005978e-06
RVSKTFYTYI, 1.0681900481005978e-06
DRYRCFDTYL, 1.0681900481005978e-06
SGSKNFDTYI, 1.0681900481005978e-06
SASFY*DAYI, 1.0681900481005978e-06
SASFYFDTFN, 1.0681900481005978e-06
SYNKAQHLHP, 1.0681900481005978e-06
SASFYDDTYV, 1.0681900481005978e-06
RSDLYFDTYI, 1.0681900481005978e-06
RGSKIFDTYI, 1.0681900481005978e-06
GRYLYFDTYI, 1.0681900481005978e-06
SASFYLNAYI, 1.0681900481005978e-06
SASFYSATYT, 1.0681900481005978e-06
DSTQYFDTYI, 1.0681900481005978e-06
SASFYFEYNF, 1.0681900481005978e-06
SASKYFDTYI, 1.0681900481005978e-06
GVDHLLEPFI, 1.0681900481005978e-06
NVLASFDTYI, 1.0681900481005978e-06
SASFYLDTCL, 1.0681900481005978e-06
SASFYLDTNN, 1.0681900481005978e-06
SASFYVDAYI, 1.0681900481005978e-06
SASFYYDTHI, 1.0681900481005978e-06
DRYRSLDTYI, 1.0681900481005978e-06
LSIFSFDTYI, 1.0681900481005978e-06
SASFYAKTYI, 1.0681900481005978e-06
GSNSNFETYI, 1.0681900481005978e-06
SASFYLDPHI, 1.0681900481005978e-06
SASFYSAPST, 1.0681900481005978e-06
SASFYLDT*T, 1.0681900481005978e-06
GVDHLDDTYI, 1.0681900481005978e-06
SAIFYSTPTS, 1.0681900481005978e-06
RESLYFDTYI, 1.0681900481005978e-06
SASFYQHLNP, 1.0681900481005978e-06
SSSFYFGTYI, 1.0681900481005978e-06
SASFNFDT*I, 1.0681900481005978e-06
GTRYNFGTYI, 1.0681900481005978e-06
SASFYSILII, 1.0681900481005978e-06
TASFSFDTYI, 1.0681900481005978e-06
SASFYLDNKN, 1.0681900481005978e-06
SASFYFEK*I, 1.0681900481005978e-06
SASFYSTPRS, 1.0681900481005978e-06
SASFYSTPNS, 1.0681900481005978e-06
GARTYFDTSI, 1.0681900481005978e-06
SASIDFDTYI, 1.0681900481005978e-06
SAGFYFDT*L, 1.0681900481005978e-06
SASF*FDT*I, 1.0681900481005978e-06
SYNKAFDT*I, 1.0681900481005978e-06
SASFYFET*F, 1.0681900481005978e-06
SASFYFNTFI, 1.0681900481005978e-06
SASLYFATYI, 1.0681900481005978e-06
GSIISFDTYI, 1.0681900481005978e-06
SAGFYFAP*I, 1.0681900481005978e-06
SASFYLETYN, 1.0681900481005978e-06
SASFYFAP*I, 1.0681900481005978e-06
SASFYFDTCT, 1.0681900481005978e-06
SASFYFDT*V, 1.0681900481005978e-06
KAGSHFDTYI, 1.0681900481005978e-06
GVDHLSTPTS, 1.0681900481005978e-06
SASFYFEALI, 1.0681900481005978e-06
SASFYCKTYI, 1.0681900481005978e-06
ISSFYFDTYI, 1.0681900481005978e-06
RASKTFDTYL, 1.0681900481005978e-06
QAGSHFDT*I, 1.0681900481005978e-06
SASLFFDTYI, 1.0681900481005978e-06
GSNTNFDTYI, 1.0681900481005978e-06
SASMSFDTYI, 1.0681900481005978e-06
SASFYCEPYI, 1.0681900481005978e-06
SASFYLGHLL, 1.0681900481005978e-06
SGASTSTPTS, 1.0681900481005978e-06
SASFYFNTET, 1.0681900481005978e-06
SASYYFDPYI, 1.0681900481005978e-06
SASFYSEPYT, 1.0681900481005978e-06
GVDHLFATYI, 1.0681900481005978e-06
SASFCFDTSI, 1.0681900481005978e-06
GARTTYDTYI, 1.0681900481005978e-06
ISLFYFATYL, 1.0681900481005978e-06
ISLFYFDTYI, 1.0681900481005978e-06
LSLFSFDTSI, 1.0681900481005978e-06
RGSNNFDTYI, 1.0681900481005978e-06
GSMIFFDTYI, 1.0681900481005978e-06
RGSGEFDTYI, 1.0681900481005978e-06
RASFYCDTYI, 1.0681900481005978e-06
GYNSNFDTYI, 1.0681900481005978e-06
SACFYSDTYI, 1.0681900481005978e-06
SAGFYFNTYI, 1.0681900481005978e-06
SGSGEFDTYI, 1.0681900481005978e-06
RGRGECDTYI, 1.0681900481005978e-06
RGRGKSDTYI, 1.0681900481005978e-06
SACFYFETYI, 1.0681900481005978e-06
RGGKNFDTYI, 1.0681900481005978e-06
SASFYFGTQI, 1.0681900481005978e-06
RGSINFDTYI, 1.0681900481005978e-06
SASFYLDTNP, 1.0681900481005978e-06
GARWYFDTYI, 1.0681900481005978e-06
SASFYFET*N, 1.0681900481005978e-06
SASFYFTPPS, 1.0681900481005978e-06
RGSETSTPTS, 1.0681900481005978e-06
DISLHFDAYI, 1.0681900481005978e-06
RYERM*YLLS, 1.0681900481005978e-06
GARRYFNTYI, 1.0681900481005978e-06
SQLLQQHLHP, 1.0681900481005978e-06
SASFSNTYIH, 1.0681900481005978e-06
SASFYLGNLH, 1.0681900481005978e-06
SASFYLETDI, 1.0681900481005978e-06
SRASTSTPTS, 1.0681900481005978e-06
QGSLSNTYIH, 1.0681900481005978e-06
VVSGFFDTYI, 1.0681900481005978e-06
SASFYFKT*I, 1.0681900481005978e-06
GVYGFFDTYI, 1.0681900481005978e-06
GAKFRFDTYI, 1.0681900481005978e-06
SASFYCAT*I, 1.0681900481005978e-06
KSTSIFDAYI, 1.0681900481005978e-06
GASFYLDPYI, 1.0681900481005978e-06
GTKSGSTPTS, 1.0681900481005978e-06
RGSKTFNTYI, 1.0681900481005978e-06
GSNSNLDTYL, 1.0681900481005978e-06
NVWA*QHLHP, 1.0681900481005978e-06
SASFYFDTDL, 1.0681900481005978e-06
SESGYFDTYI, 1.0681900481005978e-06
GTRYNFDPYI, 1.0681900481005978e-06
RASISFDTYI, 1.0681900481005978e-06
SGSGYFDTYI, 1.0681900481005978e-06
GTRYFFDTYI, 1.0681900481005978e-06
GVILMFDTYI, 1.0681900481005978e-06
SVDHLFDTYI, 1.0681900481005978e-06
SSSFYFDTYS, 1.0681900481005978e-06
SASFYFKTYN, 1.0681900481005978e-06
RELL*QHLHP, 1.0681900481005978e-06
QAGSHFDPYI, 1.0681900481005978e-06
SASFYFDNDI, 1.0681900481005978e-06
SASFYFNTHI, 1.0681900481005978e-06
RYYGAFDTYI, 1.0681900481005978e-06
GAKYEPHLHP, 1.0681900481005978e-06
SASFYFATYM, 1.0681900481005978e-06
SASFYYDNYI, 1.0681900481005978e-06
GVDHLDATYI, 1.0681900481005978e-06
SASFY*YLLS, 1.0681900481005978e-06
SASFYCGTGS, 1.0681900481005978e-06
SASFYLEADV, 1.0681900481005978e-06
QGVCATPTST, 1.0681900481005978e-06
GVSVFFDTYI, 1.0681900481005978e-06
GGCCNFDTYI, 1.0681900481005978e-06
SASFHDDTYI, 1.0681900481005978e-06
SALFSFDTYI, 1.0681900481005978e-06
RGCKTFDTYI, 1.0681900481005978e-06
RASFYVDTYI, 1.0681900481005978e-06
SAGFDFDPYI, 1.0681900481005978e-06
SASFYLDTNT, 1.0681900481005978e-06
SASFYFETDT, 1.0681900481005978e-06
SACFSFDTYI, 1.0681900481005978e-06
GSNSNLGHLH, 1.0681900481005978e-06
GVDHLFDTYT, 1.0681900481005978e-06
GVNHLFDTYI, 1.0681900481005978e-06
SASFYFSTSL, 1.0681900481005978e-06
GTRYNFDTYS, 1.0681900481005978e-06
RGSNSFDTYI, 1.0681900481005978e-06
SYNKKFDTYI, 1.0681900481005978e-06
RYERMCDTYI, 1.0681900481005978e-06
SASFYCDTHI, 1.0681900481005978e-06
GTNSGFDTYI, 1.0681900481005978e-06
GTQSGFDTYI, 1.0681900481005978e-06
SASFYSSPTS, 1.0681900481005978e-06
RGRLSHREHC, 1.0681900481005978e-06
SASFPFDTYM, 1.0681900481005978e-06
SASFYFAA*I, 1.0681900481005978e-06
GASFYFDTYS, 1.0681900481005978e-06
DRYLCFDTYI, 1.0681900481005978e-06
SSDFSFDTYI, 1.0681900481005978e-06
SASFYFENYC, 1.0681900481005978e-06
SDNCAFDTYI, 1.0681900481005978e-06
RYDGAFDTYT, 1.0681900481005978e-06
SASFYSDTSL, 1.0681900481005978e-06
RGSKTFEN*I, 1.0681900481005978e-06
GTKSGFDNYI, 1.0681900481005978e-06
DRYRSFDPYI, 1.0681900481005978e-06
GTKIGFDTYI, 1.0681900481005978e-06
GTKSGFDT*I, 1.0681900481005978e-06
SASFNSTPTS, 1.0681900481005978e-06
SVSFYFDTYT, 1.0681900481005978e-06
GSTRYFDTYI, 1.0681900481005978e-06
SASFYLHTYI, 1.0681900481005978e-06
SASFYFAPPI, 1.0681900481005978e-06
SASFCLGHLH, 1.0681900481005978e-06
SASFYFTPTT, 1.0681900481005978e-06
SACSSFDTYI, 1.0681900481005978e-06
SARFYLDTYI, 1.0681900481005978e-06
RARFYFDTSI, 1.0681900481005978e-06
RARFYFDTYR, 1.0681900481005978e-06
RARFYFETYI, 1.0681900481005978e-06
RARFYLDTYI, 1.0681900481005978e-06
GVDHLDKTYF, 1.0681900481005978e-06
GAKYRFDTHI, 1.0681900481005978e-06
SYNEAFDTYI, 1.0681900481005978e-06
SESFYFDTCI, 1.0681900481005978e-06
SASIYFATYI, 1.0681900481005978e-06
SASFYFYYAN, 1.0681900481005978e-06
QAGSYFDTYI, 1.0681900481005978e-06
DGNLFFDTYI, 1.0681900481005978e-06
RYDGKFDTYI, 1.0681900481005978e-06
RGSISFDTYI, 1.0681900481005978e-06
GARTSFDTYI, 1.0681900481005978e-06
RYDGAFYTYI, 1.0681900481005978e-06
DRYRSFDSYI, 1.0681900481005978e-06
SASFYQYLHP, 1.0681900481005978e-06
SASLTFDTYS, 1.0681900481005978e-06
WSSLAFDTYI, 1.0681900481005978e-06
RASFSYDTYI, 1.0681900481005978e-06
RASFSFDTYT, 1.0681900481005978e-06
KSTSFFDTYI, 1.0681900481005978e-06
RASFSFYTYL, 1.0681900481005978e-06
GSNSHFDTYI, 1.0681900481005978e-06
SAGV*FDTYI, 1.0681900481005978e-06
SASFYFNTCI, 1.0681900481005978e-06
KSTSTFDTYI, 1.0681900481005978e-06
RYDGASTPTS, 1.0681900481005978e-06
SASFTQHLHP, 1.0681900481005978e-06
GGILMSTPTS, 1.0681900481005978e-06
SALLQQHLHP, 1.0681900481005978e-06
SASFYSDAYI, 1.0681900481005978e-06
KSTSILGHLH, 1.0681900481005978e-06
SASFYFGTYS, 1.0681900481005978e-06
RGSKTFNTYN, 1.0681900481005978e-06
DRYRAFDTYI, 1.0681900481005978e-06
IASFQQHLHP, 1.0681900481005978e-06
EGNLFFETYI, 1.0681900481005978e-06
SASFYFATQL, 1.0681900481005978e-06
SASFYITPPS, 1.0681900481005978e-06
GADF*FDTYI, 1.0681900481005978e-06
QAGSHFDTCI, 1.0681900481005978e-06
SASFYSTPTA, 1.0681900481005978e-06
NSTSIFDTYI, 1.0681900481005978e-06
SASFYSDDSP, 1.0681900481005978e-06
SASFCSTPTS, 1.0681900481005978e-06
SESFYFGTYI, 1.0681900481005978e-06
GTWYNFDTYI, 1.0681900481005978e-06
SASFYFTPYS, 1.0681900481005978e-06
SASFYFEPST, 1.0681900481005978e-06
SASFYFSPPL, 1.0681900481005978e-06
LVSKTFDTYI, 1.0681900481005978e-06
RGDQIFDTYI, 1.0681900481005978e-06
SASFYFETYD, 1.0681900481005978e-06
SANRYFDTYI, 1.0681900481005978e-06
RGSKTFHTYI, 1.0681900481005978e-06
STSFYSTPTS, 1.0681900481005978e-06
SASFYLAPYT, 1.0681900481005978e-06
SASFYFYNYI, 1.0681900481005978e-06
SSNTSFDTYT, 1.0681900481005978e-06
SASFYFDPYY, 1.0681900481005978e-06
SASFYFETSS, 1.0681900481005978e-06
SASFYVETYS, 1.0681900481005978e-06
GGYRSFDTYI, 1.0681900481005978e-06
GAILMFDTYI, 1.0681900481005978e-06
GASFYFDTHL, 1.0681900481005978e-06
GMSGFFDTYI, 1.0681900481005978e-06
RGSKTLGHLH, 1.0681900481005978e-06
SASFYFYTSI, 1.0681900481005978e-06
DRYRSFDTYN, 1.0681900481005978e-06
RGSKTFDTDI, 1.0681900481005978e-06
GANIYFDTYI, 1.0681900481005978e-06
GTESGYDTYI, 1.0681900481005978e-06
RGSKTFDPYI, 1.0681900481005978e-06
NASFYLGHLH, 1.0681900481005978e-06
SASFYCGPYI, 1.0681900481005978e-06
SSSFYFDTYY, 1.0681900481005978e-06
GAWTYFDTYI, 1.0681900481005978e-06
SASFYFNT*L, 1.0681900481005978e-06
AATYYFDTYI, 1.0681900481005978e-06
STRCYFDTYI, 1.0681900481005978e-06
GARTYFYTYI, 1.0681900481005978e-06
SASFYYDIYI, 1.0681900481005978e-06
SASFYLGAYN, 1.0681900481005978e-06
SASFYFDAYT, 1.0681900481005978e-06
SASFYFYAYI, 1.0681900481005978e-06
SGSITFDTYI, 1.0681900481005978e-06
SASFYFNT*V, 1.0681900481005978e-06
SAIFFFDTYI, 1.0681900481005978e-06
SASFYFDIYT, 1.0681900481005978e-06
LVVSLSTPTS, 1.0681900481005978e-06
SASFYLETYM, 1.0681900481005978e-06
NSTSYFDTYI, 1.0681900481005978e-06
GASLAFDTYT, 1.0681900481005978e-06
SVSFYSTPTS, 1.0681900481005978e-06
EGNLFFDTFI, 1.0681900481005978e-06
GSSLAFDTYI, 1.0681900481005978e-06
SASFYSSPHL, 1.0681900481005978e-06
GTKSGNTYIH, 1.0681900481005978e-06
SASFYVDTYY, 1.0681900481005978e-06
SASFYFKTYT, 1.0681900481005978e-06
SASFQ*HLHP, 1.0681900481005978e-06
SASFYLNTYT, 1.0681900481005978e-06
STSFYFDTYN, 1.0681900481005978e-06
SAGFYFNTYT, 1.0681900481005978e-06
RYDRAFDTYI, 1.0681900481005978e-06
IASFYSTPTS, 1.0681900481005978e-06
GASLGFDTYI, 1.0681900481005978e-06
SASFYFDH*N, 1.0681900481005978e-06
SASF*FDTYN, 1.0681900481005978e-06
SASFYFDYNY, 1.0681900481005978e-06
SASFYSDDHI, 1.0681900481005978e-06
RATSIFDTYI, 1.0681900481005978e-06
SASFYLGRLH, 1.0681900481005978e-06
SYNKAFGTYI, 1.0681900481005978e-06
GAALAFDTYI, 1.0681900481005978e-06
SASFY*DSYI, 1.0681900481005978e-06
RGSKLSTPTS, 1.0681900481005978e-06
SARFYFDPYI, 1.0681900481005978e-06
SSSSYFDTYI, 1.0681900481005978e-06
GASLSFDTYI, 1.0681900481005978e-06
QAGSHFETSI, 1.0681900481005978e-06
SASFYSTLTS, 1.0681900481005978e-06
SASFYSDTCI, 1.0681900481005978e-06
SASFYLGHIH, 1.0681900481005978e-06
SGDCFFDTYI, 1.0681900481005978e-06
RASKSFDTYI, 1.0681900481005978e-06
SASFDVDTYI, 1.0681900481005978e-06
SASFTITPTS, 1.0681900481005978e-06
SSNKSFDTYI, 1.0681900481005978e-06
AADVAFDTYI, 1.0681900481005978e-06
CTRYNFDTYI, 1.0681900481005978e-06
GSNSNVDTSI, 1.0681900481005978e-06
GAWLAFDTYI, 1.0681900481005978e-06
SASFYFATCI, 1.0681900481005978e-06
SASFYYDTYM, 1.0681900481005978e-06
EGNLFDDTYI, 1.0681900481005978e-06
SAGFYFATSI, 1.0681900481005978e-06
SASF*FDTYS, 1.0681900481005978e-06
SASFYLATSI, 1.0681900481005978e-06
RSERLFDTYI, 1.0681900481005978e-06
DRYPSFDTYI, 1.0681900481005978e-06
SASFYLILMF, 1.0681900481005978e-06
REDCSFDTYI, 1.0681900481005978e-06
GTRYNFETYY, 1.0681900481005978e-06
SASFYCATSM, 1.0681900481005978e-06
SAGFYYDTYF, 1.0681900481005978e-06
SAGFYFKTYI, 1.0681900481005978e-06
SAGFYSTPTP, 1.0681900481005978e-06
SADFYLDTYI, 1.0681900481005978e-06
IASFYDDTYI, 1.0681900481005978e-06
RGSKPFDTYI, 1.0681900481005978e-06
GVDHLDKTYV, 1.0681900481005978e-06
SAGFYFAPYI, 1.0681900481005978e-06
SAGFYYDNYN, 1.0681900481005978e-06
SASMYFDTYI, 1.0681900481005978e-06
RGGKTFDTYT, 1.0681900481005978e-06
SASFYFSTYY, 1.0681900481005978e-06
GARFYFDTYI, 1.0681900481005978e-06
SASFYPHLHP, 1.0681900481005978e-06
GAPLAFDTYI, 1.0681900481005978e-06
SASFYYSTYI, 1.0681900481005978e-06
KSTSIFNTYI, 1.0681900481005978e-06
RASFYFKTYI, 1.0681900481005978e-06
GGSFYFDTYI, 1.0681900481005978e-06
SASLYFDTYL, 1.0681900481005978e-06
SASFYFNANF, 1.0681900481005978e-06
SASFYCEGYS, 1.0681900481005978e-06
SASFYNTHIH, 1.0681900481005978e-06
IASFYLGHLH, 1.0681900481005978e-06
SASFYIRLMF, 1.0681900481005978e-06
DSTRYFDTYL, 1.0681900481005978e-06
GVHHLFDTYI, 1.0681900481005978e-06
SASFRFDTYI, 1.0681900481005978e-06
RYDGSFDTYI, 1.0681900481005978e-06
RYEVELGHLH, 1.0681900481005978e-06
SASFYLEP*I, 1.0681900481005978e-06
GVDHLLGHLH, 1.0681900481005978e-06
NVSASFDTYI, 1.0681900481005978e-06
GPSLAFDTYI, 1.0681900481005978e-06
GAPTYFDTYI, 1.0681900481005978e-06
SASLCFDACH, 1.0681900481005978e-06
RSRCYFDTYI, 1.0681900481005978e-06
SANYSFDTYI, 1.0681900481005978e-06
SASFYFEHSL, 1.0681900481005978e-06
GTRYNCDTYI, 1.0681900481005978e-06
SASFYFETYC, 1.0681900481005978e-06
SASFYGDTYR, 1.0681900481005978e-06
SASFYVTPTS, 1.0681900481005978e-06
SAAFYDNTYV, 1.0681900481005978e-06
SASFDYDTYI, 1.0681900481005978e-06
GSNSNDNTYV, 1.0681900481005978e-06
SASFYCDPYI, 1.0681900481005978e-06
SAGVDFDTYI, 1.0681900481005978e-06
SASFYFNNYN, 1.0681900481005978e-06
RASFYSTPTS, 1.0681900481005978e-06
SASFYFDPSL, 1.0681900481005978e-06
SASF*FYTYI, 1.0681900481005978e-06
RASIGFDTYI, 1.0681900481005978e-06
SLSFYFDTYI, 1.0681900481005978e-06
QAGSHLDTYI, 1.0681900481005978e-06
IASFYFDAYI, 1.0681900481005978e-06
SASFYSLLIF, 1.0681900481005978e-06
SASFYSNAYP, 1.0681900481005978e-06
SAGFYSTPTS, 1.0681900481005978e-06
SASFYFGA*I, 1.0681900481005978e-06
SASTYFDTYI, 1.0681900481005978e-06
GTRYIFDTYI, 1.0681900481005978e-06
GVSGFFATYI, 1.0681900481005978e-06
SARFYLGHLH, 1.0681900481005978e-06
SASFYLEPYT, 1.0681900481005978e-06
GAGRISTPTS, 1.0681900481005978e-06
SASFY*YLCS, 1.0681900481005978e-06
SASFYQHLHS, 1.0681900481005978e-06
IASFYFYTYI, 1.0681900481005978e-06
GPRTYFDTYI, 1.0681900481005978e-06
GARTNFDTYI, 1.0681900481005978e-06
EGNLFFDAYI, 1.0681900481005978e-06
DSTRYQHLHP, 1.0681900481005978e-06
SARLYFDTYM, 1.0681900481005978e-06
SAGFYFDAYI, 1.0681900481005978e-06
SASLYFDTSL, 1.0681900481005978e-06
EGNLFFHTYI, 1.0681900481005978e-06
SARMYFDTYI, 1.0681900481005978e-06
SASFYYHTYT, 1.0681900481005978e-06
DRYRSFDTYS, 1.0681900481005978e-06
SASFYSNTYI, 1.0681900481005978e-06
SASFY*DTNI, 1.0681900481005978e-06
SASFYSGTYI, 1.0681900481005978e-06
SASFYFDIYL, 1.0681900481005978e-06
RGSKTLETYI, 1.0681900481005978e-06
SASFYFDSYY, 1.0681900481005978e-06
SANDVSTPTS, 1.0681900481005978e-06
SASFYSDTTT, 1.0681900481005978e-06
SASFY*ETYI, 1.0681900481005978e-06
SASFYFEPPL, 1.0681900481005978e-06
SASFYFDTYG, 1.0681900481005978e-06
RGSYNFDTYI, 1.0681900481005978e-06
SASLSFDTYI, 1.0681900481005978e-06
SASFYFDTTI, 1.0681900481005978e-06
SASFYFAPTS, 1.0681900481005978e-06
RYERIFDTYY, 1.0681900481005978e-06
VTKSGFDTYI, 1.0681900481005978e-06
SASFYSRPTS, 1.0681900481005978e-06
STGFYFDTYI, 1.0681900481005978e-06
NASFYFDAYI, 1.0681900481005978e-06
SASFYVGTYI, 1.0681900481005978e-06
SANFYFNTYI, 1.0681900481005978e-06
SASFYCATYS, 1.0681900481005978e-06
QGGSHFDTYI, 1.0681900481005978e-06
SASFYFKTSI, 1.0681900481005978e-06
RASLYFDTYN, 1.0681900481005978e-06
SASFYFATYV, 1.0681900481005978e-06
SASFYFNTKK, 1.0681900481005978e-06
SGSFYFDTYY, 1.0681900481005978e-06
QDGSHFDTYI, 1.0681900481005978e-06
RGS*TFDTYI, 1.0681900481005978e-06
NYKFCFDTYI, 1.0681900481005978e-06
SASYSFDTYI, 1.0681900481005978e-06
SARFNFDTYI, 1.0681900481005978e-06
RGSKEQHLHP, 1.0681900481005978e-06
SGSLFFDTYI, 1.0681900481005978e-06
RYKRMFDTYI, 1.0681900481005978e-06
SASCDFDTYI, 1.0681900481005978e-06
RESGDFDTYI, 1.0681900481005978e-06
SAGFYFDNYI, 1.0681900481005978e-06
TASFYLDTYI, 1.0681900481005978e-06
SASF*FATYI, 1.0681900481005978e-06
EGNLFDNTYV, 1.0681900481005978e-06
SPGFYFAPYI, 1.0681900481005978e-06
SASFYCATYL, 1.0681900481005978e-06
TASFYFATYI, 1.0681900481005978e-06
SAGFYLDT*I, 1.0681900481005978e-06
RYERMFATYV, 1.0681900481005978e-06
SASFYDNPYV, 1.0681900481005978e-06
SASFYFGTYR, 1.0681900481005978e-06
SANI*FDTYI, 1.0681900481005978e-06
SASF*QYLLS, 1.0681900481005978e-06
SASFYFDNYS, 1.0681900481005978e-06
GSNSNLDTYI, 1.0681900481005978e-06
NVNYSFATYI, 1.0681900481005978e-06
SASFYFKNFF, 1.0681900481005978e-06
SASFHLDTYI, 1.0681900481005978e-06
RYDGAFATYI, 1.0681900481005978e-06
RASF*FDTYI, 1.0681900481005978e-06
RVSKTLDTYI, 1.0681900481005978e-06
SGS*TFDTYI, 1.0681900481005978e-06
DSTSYFDTYI, 1.0681900481005978e-06
RELLQQYLHP, 1.0681900481005978e-06
RYERYFDTYI, 1.0681900481005978e-06
SGSFYYDTYL, 1.0681900481005978e-06
SAGFYQHLHP, 1.0681900481005978e-06
GANFNFDTYI, 1.0681900481005978e-06
RGSSTFDTYI, 1.0681900481005978e-06
GSNSNFNTYI, 1.0681900481005978e-06
NVWASFDTYF, 1.0681900481005978e-06
SASFYFDLHP, 1.0681900481005978e-06
SASFYSTHTS, 1.0681900481005978e-06
DRYRYSTPTS, 1.0681900481005978e-06
SANFSFDTYI, 1.0681900481005978e-06
DSTRYFATYI, 1.0681900481005978e-06
SASFYDKT*V, 1.0681900481005978e-06
DRYRSDNTYV, 1.0681900481005978e-06
SANFYSTPTS, 1.0681900481005978e-06
SAGFYYDPYI, 1.0681900481005978e-06
SSNVVFDTYI, 1.0681900481005978e-06
SASFYFDRYS, 1.0681900481005978e-06
GTRFYYDTYI, 1.0681900481005978e-06
STSYYFDTYI, 1.0681900481005978e-06
SASFYLKTYI, 1.0681900481005978e-06
RRSKTFDTYI, 1.0681900481005978e-06
SASFYYDPCN, 1.0681900481005978e-06
GTRCNFDTYI, 1.0681900481005978e-06
RASITFDTYI, 1.0681900481005978e-06
SASCYSDTYI, 1.0681900481005978e-06
GTRYSFDTYI, 1.0681900481005978e-06
SASFYYDTHP, 1.0681900481005978e-06
SASFFFTPTS, 1.0681900481005978e-06
RSLMLYDTYI, 1.0681900481005978e-06
SAGCFFDTYI, 1.0681900481005978e-06
GARTYFDNYI, 1.0681900481005978e-06
SASLYFDTYN, 1.0681900481005978e-06
SASFYVDTSN, 1.0681900481005978e-06
SASFYSNTYN, 1.0681900481005978e-06
SASFYVDTYF, 1.0681900481005978e-06
GASFNFDTYT, 1.0681900481005978e-06
DPYRSFDTYI, 1.0681900481005978e-06
SASFDFDPFN, 1.0681900481005978e-06
SASFYFEP*I, 1.0681900481005978e-06
SASFYFEAYS, 1.0681900481005978e-06
SASFYSDTYK, 1.0681900481005978e-06
SGSMYFDTYI, 1.0681900481005978e-06
SASFYFETCS, 1.0681900481005978e-06
RDSKTFDTYI, 1.0681900481005978e-06
SAIFYFATYI, 1.0681900481005978e-06
SASFYFGTCI, 1.0681900481005978e-06
DRCWSFDTYI, 1.0681900481005978e-06
NACS*FDTYI, 1.0681900481005978e-06
GTRYNVDTYI, 1.0681900481005978e-06
ISLFSFDTSI, 1.0681900481005978e-06
LSLFSFDTYL, 1.0681900481005978e-06
PSLFSFDTSI, 1.0681900481005978e-06
DSTGYFDTYI, 1.0681900481005978e-06
NASF*FDTYI, 1.0681900481005978e-06
GASLAFATYI, 1.0681900481005978e-06
GVGHLFDTYI, 1.0681900481005978e-06
RGSLYFDTYI, 1.0681900481005978e-06
GARTYFDTDI, 1.0681900481005978e-06
GTRYNFDTYY, 1.0681900481005978e-06
VSNSNFDTYI, 1.0681900481005978e-06
SASFYFAIIF, 1.0681900481005978e-06
SASFYLDTYP, 1.0681900481005978e-06
SASFYLDTHT, 1.0681900481005978e-06
GADF*QHLHP, 1.0681900481005978e-06
SASFYCDTST, 1.0681900481005978e-06
SSSFYSTPTS, 1.0681900481005978e-06
NASFYYDTYI, 1.0681900481005978e-06
DTRYNFDTYI, 1.0681900481005978e-06
SASFYDSTYV, 1.0681900481005978e-06
SASFYFENYF, 1.0681900481005978e-06
ASHWILETYI, 1.0681900481005978e-06
SASFYLNANI, 1.0681900481005978e-06
GARTYFNTYI, 1.0681900481005978e-06
SELLQQHLHS, 1.0681900481005978e-06
RASFYFETYI, 1.0681900481005978e-06
SASFNFDNYI, 1.0681900481005978e-06
SASFYFETDN, 1.0681900481005978e-06
SASFYDDTSI, 1.0681900481005978e-06
SASFYCATDI, 1.0681900481005978e-06
SCNKAYDTYI, 1.0681900481005978e-06
SASFYFALIF, 1.0681900481005978e-06
SGSGDFDTYI, 1.0681900481005978e-06
SASFYFDNYH, 1.0681900481005978e-06
GASLAFDTCI, 1.0681900481005978e-06
GACLDFDTYI, 1.0681900481005978e-06
SANDVFDTYI, 1.0681900481005978e-06
SASFYLDPSI, 1.0681900481005978e-06
SASFYFNTDV, 1.0681900481005978e-06
SASFYLGTQT, 1.0681900481005978e-06
SASFYFDGYI, 1.0681900481005978e-06
GA*LDFDTYI, 1.0681900481005978e-06
